{"cameraMode":{"drawMode":0,"name":"Shaded","section":"Shading Mode"},"sceneLighting":true,"audioPlay":false,"sceneViewState":{"m_AlwaysRefresh":false,"showFog":true,"showSkybox":true,"showFlares":true,"showImageEffects":true,"showParticleSystems":true,"showVisualEffectGraphs":true,"m_FxEnabled":true},"in2DMode":false,"pivot":{"x":-0.001067519187927246,"y":19.46971321105957,"z":73.45498657226563},"rotation":{"x":0.6793590784072876,"y":-0.05376087874174118,"z":0.05002302676439285,"w":0.7301222681999207},"size":0.8660253882408142,"orthographic":true}